Product,Review,Rating
Wireless Earbuds,Best sound quality ever! It feels like I'm in a live concert every time.,5
Wireless Earbuds,Terrible! They broke as soon as I took them out of the box. Do not buy!,1
Smartphone,This phone is revolutionary! It's faster and better than anything I've ever used.,5
Smartphone,Completely useless. It doesn’t even turn on. Worst purchase of my life.,1
Bluetooth Speaker,The bass on this speaker will shake your entire house. Amazing!,5
Bluetooth Speaker,Static noise is all I get. It’s like a piece of junk that doesn’t even work.,1
Laptop,Super lightweight and runs everything at lightning speed. A must-buy!,5
Laptop,Overheats in 2 minutes and crashes constantly. Stay away from this scam.,1
Smartwatch,This smartwatch can do everything my phone does and more! Love it.,5
Smartwatch,The strap fell apart the moment I put it on. Absolute garbage.,1
Gaming Mouse,"Perfect precision, great feel in hand, and customizable. Best mouse ever.",5
Gaming Mouse,Barely worked for a day. Buttons are loose and unresponsive. Awful!,1
Action Camera,Crystal clear video quality even underwater. Better than GoPro!,5
Action Camera,Water leaked into it immediately. Lost all my footage. Pathetic.,1
Headphones,The noise cancellation makes it feel like I’m in my own world. Fantastic!,5
Headphones,These don’t cancel noise; they amplify it. Total waste of money.,1
Tablet,Best tablet for drawing and multitasking. It’s like having a portable studio.,5
Tablet,The screen broke just by touching it. Worst quality I’ve ever seen.,1
Fitness Tracker,Tracks my every movement perfectly. Now I can finally stay fit!,5
Fitness Tracker,Doesn’t track anything accurately. It’s just a glorified bracelet.,1
Keyboard,"Typing feels so smooth, it’s like a dream come true for coders.",5
Keyboard,Keys stick all the time and barely work. Horrible experience.,1
Monitor,The resolution is stunning! Gaming on this feels surreal.,5
Monitor,Colors are washed out and there are dead pixels everywhere. Never again.,1
External Hard Drive,Massive storage and lightning-fast transfers. A total lifesaver!,5
External Hard Drive,Corrupted all my files the moment I plugged it in. Absolute trash.,1
Router,Blazing fast internet speeds and covers every corner of my house.,5
Router,Constant disconnections. Makes me regret ever buying this.,1
Power Bank,Charges my phone three times over. Super handy and reliable!,5
Power Bank,Barely charges my phone once. Totally useless.,1
Wireless Earbuds,Unbelievable battery life and crystal-clear sound. Highly recommend!,5
Wireless Earbuds,One earbud stopped working immediately. Absolute disappointment.,1
Smartphone,This phone is a game-changer. Stunning camera and unbeatable speed.,5
Smartphone,Battery lasts only a few hours and it’s slower than my old phone.,1
Bluetooth Speaker,Incredible sound clarity and deep bass. Perfect for parties.,5
Bluetooth Speaker,Feels like a toy. Sound is weak and distorted. Not worth a penny.,1
Laptop,Handles all my work and gaming needs effortlessly. Totally worth it!,5
Laptop,Freezes constantly and the battery doesn’t last more than an hour.,1
Smartwatch,Makes my daily life so much easier. Great value for the price.,5
Smartwatch,Cheaply made and barely works. Waste of money.,1
Gaming Mouse,Best mouse I’ve ever owned. Perfect for gaming and work.,5
Gaming Mouse,Stopped working after a week. Total disaster.,1
Action Camera,Amazing stabilization and video quality. Great for adventures.,5
Action Camera,Battery drains in 10 minutes and the video is super grainy.,1
Headphones,Crystal clear sound and super comfortable. Worth every penny!,5
Headphones,Uncomfortable and breaks too easily. Wouldn’t recommend at all.,1
